,symbol,company,anex,acqName,date,pid,tkdAcqm,buyValue,sellValue,buyQuantity,sellquantity,secType,secAcq,did,tdpTransactionType,tdpDerivativeContractType,xbrl,personCategory,befAcqSharesNo,befAcqSharesPer,secVal,securitiesTypePost,afterAcqSharesNo,afterAcqSharesPer,acqfromDt,acqtoDt,intimDt,acqMode,derivativeType,exchange,remarks
0,SHAILY,Shaily Engineering Plastics Limited,7(2),Harshal Navinchandra Bhatt,17-Feb-2025 11:31,1177932,,0,0,0,0,Equity Shares,247,533501,Sell,-,https://nsearchives.nseindia.com/corporate/xbrl/IT_1177932_1386482_17022025113131_WEB.xml,-,2333,0,1550,Equity Shares,2086,0,12-Feb-2025,12-Feb-2025,13-Feb-2025,Market Sale,-,NSE,-
1,SHAILY,Shaily Engineering Plastics Limited,7(2),Harshal Navinchandra Bhatt,17-Feb-2025 11:31,1177932,,0,0,0,0,Equity Shares,86,533502,Sell,-,https://nsearchives.nseindia.com/corporate/xbrl/IT_1177932_1386482_17022025113131_WEB.xml,-,2086,0,1555,Equity Shares,2000,0,12-Feb-2025,12-Feb-2025,13-Feb-2025,Market Sale,-,NSE,-
2,ESFL,Essen Speciality Films Limited,7(2),Jayantilal Tapubhai Jhalavadia,16-Feb-2025 13:00,1177930,,0,0,0,0,Equity Shares,1080,533498,Sell,-,https://nsearchives.nseindia.com/corporate/xbrl/IT_1177930_1386453_16022025010037_WEB.xml,Key Managerial Personnel,6480,0.03,492876,Equity Shares,5400,0.02,12-Feb-2025,13-Feb-2025,15-Feb-2025,Market Sale,-,NSE,-
3,ESFL,Essen Speciality Films Limited,7(2),Jayantilal Tapubhai Jhalavadia,16-Feb-2025 13:00,1177930,,0,0,0,0,Equity Shares,1080,533497,Buy,-,https://nsearchives.nseindia.com/corporate/xbrl/IT_1177930_1386453_16022025010037_WEB.xml,Key Managerial Personnel,5400,0.03,0,Equity Shares,6480,0.03,16-Dec-2024,16-Dec-2024,15-Feb-2025,Bonus,-,NA,-
4,YASHOPTICS,Yash Optics & Lens Limited,7(2),TARUN MANHARLAL DOSHI,15-Feb-2025 19:38,1177928,,0,0,0,0,Equity Shares,4800,533493,Buy,-,https://nsearchives.nseindia.com/corporate/xbrl/IT_1177928_1386421_15022025073837_WEB.xml,Promoters,5418771,21.88,381840,Equity Shares,5423571,21.9,14-Feb-2025,14-Feb-2025,14-Feb-2025,Market Purchase,-,NSE,-
5,YASHOPTICS,Yash Optics & Lens Limited,7(2),CHIRAG MANHARLAL DOSHI,15-Feb-2025 19:38,1177928,,0,0,0,0,Equity Shares,1600,533494,Buy,-,https://nsearchives.nseindia.com/corporate/xbrl/IT_1177928_1386421_15022025073837_WEB.xml,Promoters,5389800,21.76,126400,Equity Shares,5391400,21.77,14-Feb-2025,14-Feb-2025,14-Feb-2025,Market Purchase,-,NSE,-
6,UGARSUGAR,The Ugar Sugar Works Limited,7(2),CHANDAN SANJEEV SHIRGAOKAR,15-Feb-2025 19:11,1177926,,0,0,0,0,Equity Shares,11458,533490,Buy,-,https://nsearchives.nseindia.com/corporate/xbrl/IT_1177926_1386405_15022025071149_WEB.xml,Promoters,1460168,1.3,514603,Equity Shares,1471626,1.31,14-Feb-2025,14-Feb-2025,15-Feb-2025,Market Purchase,-,NSE,-
7,USHAMART,Usha Martin Limited,7(2),UMIL SHARE & STOCK BROKING SERVICES LTD,15-Feb-2025 17:21,1177924,,0,0,0,0,Equity Shares,40000,533488,Buy,-,https://nsearchives.nseindia.com/corporate/xbrl/IT_1177924_1386337_15022025052059_WEB.xml,Promoter Group,40382000,13.25,12097444,Equity Shares,40422000,13.26,13-Feb-2025,13-Feb-2025,14-Feb-2025,Market Purchase,-,NSE,-
8,NEWJAISA,Newjaisa Technologies Limited,7(2),Mukunda Raghavendra,15-Feb-2025 14:47,1177922,,0,0,0,0,Equity Shares,15000,533486,Sell,-,https://nsearchives.nseindia.com/corporate/xbrl/IT_1177922_1386154_15022025024752_WEB.xml,Promoters,1083062,3.07,1061838,Equity Shares,1068062,3.03,12-Feb-2025,12-Feb-2025,13-Feb-2025,Market Sale,-,NSE,-
9,GLOBAL,Global Education Limited,7(2),MIDASTECH VENTURES PRIVATE LIMITED,15-Feb-2025 13:35,1177919,,0,0,0,0,Equity Shares,8236,533484,Buy,-,https://nsearchives.nseindia.com/corporate/xbrl/IT_1177919_1386063_15022025013505_WEB.xml,Promoters,17804264,34.98,454113,Equity Shares,17812500,34.99,13-Feb-2025,14-Feb-2025,15-Feb-2025,Market Purchase,-,NSE,-
10,DELAPLEX,Delaplex Limited,7(2),NITIN SACHDEVA,15-Feb-2025 13:23,1177917,,0,0,0,0,Equity Shares,6000,533482,Buy,-,https://nsearchives.nseindia.com/corporate/xbrl/IT_1177917_1386038_15022025012354_WEB.xml,Promoters,3581895,39.31,1156260,Equity Shares,3587895,39.34,14-Feb-2025,14-Feb-2025,14-Feb-2025,Market Purchase,-,NSE,-
11,VISHWAS,Vishwas Agri Seeds Limited,7(2),Ilaben Pareshbhai Patel,15-Feb-2025 13:01,1177915,,0,0,0,0,Equity Shares,1600,533480,Buy,-,https://nsearchives.nseindia.com/corporate/xbrl/IT_1177915_1386017_15022025010109_WEB.xml,Promoters,700000,7,70,Equity Shares,701600,7.02,14-Feb-2025,14-Feb-2025,15-Feb-2025,Market Purchase,-,NSE,-
12,SPCL,Shivalic Power Control Limited,7(2),AMIT KANWAR JINDAL,15-Feb-2025 11:54,1177913,,0,0,0,0,Equity Shares,3600,533478,Buy,-,https://nsearchives.nseindia.com/corporate/xbrl/IT_1177913_1385864_15022025115457_WEB.xml,Promoters,14654091,60.77,641940,Equity Shares,14657691,60.78,12-Feb-2025,13-Feb-2025,14-Feb-2025,Market Purchase,-,NSE,-
13,BECTORFOOD,Mrs. Bectors Food Specialities Limited,7(2),Bector Employee Welfare Trust,15-Feb-2025 11:42,1177912,,0,0,0,0,Equity Shares,3700,533476,Buy,-,https://nsearchives.nseindia.com/corporate/xbrl/IT_1177912_1385840_15022025114214_WEB.xml,Other,47000,0.08,5036489,Equity Shares,50700,0.08,14-Feb-2025,14-Feb-2025,15-Feb-2025,Market Purchase,-,NSE,-
14,SILVERTUC,Silver Touch Technologies Limited,7(2),Vipul Thakkar,15-Feb-2025 11:36,1177910,,0,0,0,0,Equity Shares,260,533474,Buy,-,https://nsearchives.nseindia.com/corporate/xbrl/IT_1177910_1385830_15022025113644_WEB.xml,Promoters,2653416,20.92,173544,Equity Shares,2653676,20.93,14-Feb-2025,14-Feb-2025,14-Feb-2025,Market Purchase,-,NSE,-
15,SILVERTUC,Silver Touch Technologies Limited,7(2),Vipul Thakkar,15-Feb-2025 11:36,1177910,,0,0,0,0,Equity Shares,46,533473,Buy,-,https://nsearchives.nseindia.com/corporate/xbrl/IT_1177910_1385830_15022025113644_WEB.xml,Promoters,2653370,20.92,31042,Equity Shares,2653416,20.92,13-Feb-2025,13-Feb-2025,14-Feb-2025,Market Purchase,-,NSE,-
16,SILVERTUC,Silver Touch Technologies Limited,7(2),Vipul Thakkar,15-Feb-2025 11:36,1177910,,0,0,0,0,Equity Shares,246,533472,Buy,-,https://nsearchives.nseindia.com/corporate/xbrl/IT_1177910_1385830_15022025113644_WEB.xml,Promoters,2653124,20.92,164131,Equity Shares,2653370,20.92,12-Feb-2025,12-Feb-2025,14-Feb-2025,Market Purchase,-,NSE,-
17,SKP,Skp Bearing Industries Limited,7(2),SHRINAND KAMLAKAR PALSHIKAR,15-Feb-2025 11:34,1177908,,0,0,0,0,Equity Shares,23000,533468,Buy,-,https://nsearchives.nseindia.com/corporate/xbrl/IT_1177908_1385823_15022025113458_WEB.xml,Promoters,6099995,36.74,4966675,Equity Shares,6122995,36.88,12-Feb-2025,12-Feb-2025,14-Feb-2025,Market Purchase,-,NSE,-
18,SKP,Skp Bearing Industries Limited,7(2),Vikrant Saharan,15-Feb-2025 11:30,1177906,,0,0,0,0,Equity Shares,1500,533466,Buy,-,https://nsearchives.nseindia.com/corporate/xbrl/IT_1177906_1385809_15022025113006_WEB.xml,Promoter Group,4001,0.02,337500,Equity Shares,5501,0.02,12-Feb-2025,12-Feb-2025,14-Feb-2025,Market Purchase,-,NSE,-
19,SHAKTIPUMP,Shakti Pumps (India) Limited,7(2),Vintex Tools & Machineries Private Limited,15-Feb-2025 11:05,1177902,,0,0,0,0,Equity Shares,7400,533464,Buy,-,https://nsearchives.nseindia.com/corporate/xbrl/IT_1177902_1385781_15022025110509_WEB.xml,Promoter Group,4840000,4.03,6325041,Equity Shares,4847400,4.03,14-Feb-2025,14-Feb-2025,15-Feb-2025,Market Purchase,-,NSE,-
20,REXPIPES,Rex Pipes And Cables Industries Limited,7(2),MR. RAJENDRA KALER,15-Feb-2025 10:53,1177900,,0,0,0,0,Equity Shares,4000,533462,Buy,-,https://nsearchives.nseindia.com/corporate/xbrl/IT_1177900_1385776_15022025105340_WEB.xml,Promoter Group,22000,0.23,269800,Equity Shares,26000,0.28,14-Feb-2025,14-Feb-2025,15-Feb-2025,Market Purchase,-,NSE,-
21,INFY,Infosys Limited,7(2),Dennis Kantilal Gada,15-Feb-2025 10:25,1177898,,0,0,0,0,ADR/GDR/FCCB,1385,533391,Sell,-,https://nsearchives.nseindia.com/corporate/xbrl/IT_1177898_1385749_15022025102532_WEB.xml,-,56686,0,2616130,ADR/GDR/FCCB,55301,0,12-Feb-2025,12-Feb-2025,12-Feb-2025,ESOP,-,NA,-
22,INFY,Infosys Limited,7(2),Frank Clark II,15-Feb-2025 10:25,1177898,,0,0,0,0,ADR/GDR/FCCB,1222,533392,Buy,-,https://nsearchives.nseindia.com/corporate/xbrl/IT_1177898_1385749_15022025102532_WEB.xml,-,600,0,2308239,ADR/GDR/FCCB,1822,0,12-Feb-2025,12-Feb-2025,12-Feb-2025,ESOP,-,NA,-
23,INFY,Infosys Limited,7(2),Frank Clark II,15-Feb-2025 10:25,1177898,,0,0,0,0,ADR/GDR/FCCB,1222,533393,Sell,-,https://nsearchives.nseindia.com/corporate/xbrl/IT_1177898_1385749_15022025102532_WEB.xml,-,1822,0,2308239,ADR/GDR/FCCB,600,0,12-Feb-2025,12-Feb-2025,12-Feb-2025,ESOP,-,NA,-
24,INFY,Infosys Limited,7(2),Inderpreet Sawhney,15-Feb-2025 10:25,1177898,,0,0,0,0,ADR/GDR/FCCB,13525,533394,Buy,-,https://nsearchives.nseindia.com/corporate/xbrl/IT_1177898_1385749_15022025102532_WEB.xml,-,156113,0,25547409,ADR/GDR/FCCB,169638,0,12-Feb-2025,12-Feb-2025,12-Feb-2025,ESOP,-,NA,-
25,INFY,Infosys Limited,7(2),Inderpreet Sawhney,15-Feb-2025 10:25,1177898,,0,0,0,0,ADR/GDR/FCCB,3200,533395,Sell,-,https://nsearchives.nseindia.com/corporate/xbrl/IT_1177898_1385749_15022025102532_WEB.xml,-,169638,0,6044489,ADR/GDR/FCCB,166438,0,12-Feb-2025,12-Feb-2025,12-Feb-2025,ESOP,-,NA,-
26,INFY,Infosys Limited,7(2),Jasmeet Singh,15-Feb-2025 10:25,1177898,,0,0,0,0,ADR/GDR/FCCB,11037,533396,Buy,-,https://nsearchives.nseindia.com/corporate/xbrl/IT_1177898_1385749_15022025102532_WEB.xml,-,62334,0,20847819,ADR/GDR/FCCB,73371,0,12-Feb-2025,12-Feb-2025,12-Feb-2025,ESOP,-,NA,-
27,INFY,Infosys Limited,7(2),Jasmeet Singh,15-Feb-2025 10:25,1177898,,0,0,0,0,ADR/GDR/FCCB,11037,533397,Sell,-,https://nsearchives.nseindia.com/corporate/xbrl/IT_1177898_1385749_15022025102532_WEB.xml,-,73371,0,20847819,ADR/GDR/FCCB,62334,0,12-Feb-2025,12-Feb-2025,12-Feb-2025,ESOP,-,NA,-
28,INFY,Infosys Limited,7(2),Jayachandran Nair,15-Feb-2025 10:25,1177898,,0,0,0,0,ADR/GDR/FCCB,4937,533398,Buy,-,https://nsearchives.nseindia.com/corporate/xbrl/IT_1177898_1385749_15022025102532_WEB.xml,-,10000,0,9325513,ADR/GDR/FCCB,14937,0,12-Feb-2025,12-Feb-2025,12-Feb-2025,ESOP,-,NA,-
29,INFY,Infosys Limited,7(2),Jayachandran Nair,15-Feb-2025 10:25,1177898,,0,0,0,0,ADR/GDR/FCCB,4937,533399,Sell,-,https://nsearchives.nseindia.com/corporate/xbrl/IT_1177898_1385749_15022025102532_WEB.xml,-,14937,0,9325513,ADR/GDR/FCCB,10000,0,12-Feb-2025,12-Feb-2025,12-Feb-2025,ESOP,-,NA,-
30,INFY,Infosys Limited,7(2),Jennifer Patience McClennan,15-Feb-2025 10:25,1177898,,0,0,0,0,ADR/GDR/FCCB,1849,533400,Buy,-,https://nsearchives.nseindia.com/corporate/xbrl/IT_1177898_1385749_15022025102532_WEB.xml,-,3506,0,3492581,ADR/GDR/FCCB,5355,0,12-Feb-2025,12-Feb-2025,12-Feb-2025,ESOP,-,NA,-
31,INFY,Infosys Limited,7(2),Jennifer Patience McClennan,15-Feb-2025 10:25,1177898,,0,0,0,0,ADR/GDR/FCCB,533,533401,Sell,-,https://nsearchives.nseindia.com/corporate/xbrl/IT_1177898_1385749_15022025102532_WEB.xml,-,5355,0,1006785,ADR/GDR/FCCB,4822,0,12-Feb-2025,12-Feb-2025,12-Feb-2025,ESOP,-,NA,-
32,INFY,Infosys Limited,7(2),Kannan Amaresh,15-Feb-2025 10:25,1177898,,0,0,0,0,ADR/GDR/FCCB,3134,533402,Buy,-,https://nsearchives.nseindia.com/corporate/xbrl/IT_1177898_1385749_15022025102532_WEB.xml,-,7813,0,5919821,ADR/GDR/FCCB,10947,0,12-Feb-2025,12-Feb-2025,12-Feb-2025,ESOP,-,NA,-
33,INFY,Infosys Limited,7(2),Kannan Amaresh,15-Feb-2025 10:25,1177898,,0,0,0,0,ADR/GDR/FCCB,3134,533403,Sell,-,https://nsearchives.nseindia.com/corporate/xbrl/IT_1177898_1385749_15022025102532_WEB.xml,-,10947,0,5919821,ADR/GDR/FCCB,7813,0,12-Feb-2025,12-Feb-2025,12-Feb-2025,ESOP,-,NA,-
34,INFY,Infosys Limited,7(2),Karmesh Gul Vaswani,15-Feb-2025 10:25,1177898,,0,0,0,0,ADR/GDR/FCCB,14192,533404,Buy,-,https://nsearchives.nseindia.com/corporate/xbrl/IT_1177898_1385749_15022025102532_WEB.xml,-,17331,0,26807307,ADR/GDR/FCCB,31523,0,12-Feb-2025,12-Feb-2025,12-Feb-2025,ESOP,-,NA,-
35,INFY,Infosys Limited,7(2),Karmesh Gul Vaswani,15-Feb-2025 10:25,1177898,,0,0,0,0,ADR/GDR/FCCB,14192,533405,Sell,-,https://nsearchives.nseindia.com/corporate/xbrl/IT_1177898_1385749_15022025102532_WEB.xml,-,31523,0,26807307,ADR/GDR/FCCB,17331,0,12-Feb-2025,12-Feb-2025,12-Feb-2025,ESOP,-,NA,-
36,INFY,Infosys Limited,7(2),Kathy Fuertes,15-Feb-2025 10:25,1177898,,0,0,0,0,ADR/GDR/FCCB,998,533406,Buy,-,https://nsearchives.nseindia.com/corporate/xbrl/IT_1177898_1385749_15022025102532_WEB.xml,-,921,0,1885125,ADR/GDR/FCCB,1919,0,12-Feb-2025,12-Feb-2025,12-Feb-2025,ESOP,-,NA,-
37,INFY,Infosys Limited,7(2),Sourav S Banerjee,15-Feb-2025 10:25,1177898,,0,0,0,0,ADR/GDR/FCCB,3913,533430,Buy,-,https://nsearchives.nseindia.com/corporate/xbrl/IT_1177898_1385749_15022025102532_WEB.xml,-,37932,0,7391276,ADR/GDR/FCCB,41845,0,12-Feb-2025,12-Feb-2025,12-Feb-2025,ESOP,-,NA,-
38,INFY,Infosys Limited,7(2),Kathy Fuertes,15-Feb-2025 10:25,1177898,,0,0,0,0,ADR/GDR/FCCB,998,533407,Sell,-,https://nsearchives.nseindia.com/corporate/xbrl/IT_1177898_1385749_15022025102532_WEB.xml,-,1919,0,1885125,ADR/GDR/FCCB,921,0,12-Feb-2025,12-Feb-2025,12-Feb-2025,ESOP,-,NA,-
39,INFY,Infosys Limited,7(2),Laxminath Gopisetty,15-Feb-2025 10:25,1177898,,0,0,0,0,ADR/GDR/FCCB,1629,533408,Buy,-,https://nsearchives.nseindia.com/corporate/xbrl/IT_1177898_1385749_15022025102532_WEB.xml,-,14000,0,3077023,ADR/GDR/FCCB,15629,0,12-Feb-2025,12-Feb-2025,12-Feb-2025,ESOP,-,NA,-
40,INFY,Infosys Limited,7(2),Laxminath Gopisetty,15-Feb-2025 10:25,1177898,,0,0,0,0,ADR/GDR/FCCB,469,533409,Sell,-,https://nsearchives.nseindia.com/corporate/xbrl/IT_1177898_1385749_15022025102532_WEB.xml,-,15629,0,885895,ADR/GDR/FCCB,15160,0,12-Feb-2025,12-Feb-2025,12-Feb-2025,ESOP,-,NA,-
41,INFY,Infosys Limited,7(2),Martha King,15-Feb-2025 10:25,1177898,,0,0,0,0,ADR/GDR/FCCB,19220,533410,Buy,-,https://nsearchives.nseindia.com/corporate/xbrl/IT_1177898_1385749_15022025102532_WEB.xml,-,Nil,0,36304709,ADR/GDR/FCCB,19220,0,12-Feb-2025,12-Feb-2025,12-Feb-2025,ESOP,-,NA,-
42,INFY,Infosys Limited,7(2),Martha King,15-Feb-2025 10:25,1177898,,0,0,0,0,ADR/GDR/FCCB,19220,533411,Sell,-,https://nsearchives.nseindia.com/corporate/xbrl/IT_1177898_1385749_15022025102532_WEB.xml,-,19220,0,36304709,ADR/GDR/FCCB,Nil,0,12-Feb-2025,12-Feb-2025,12-Feb-2025,ESOP,-,NA,-
43,INFY,Infosys Limited,7(2),Mayank Ranjan,15-Feb-2025 10:25,1177898,,0,0,0,0,ADR/GDR/FCCB,2719,533412,Buy,-,https://nsearchives.nseindia.com/corporate/xbrl/IT_1177898_1385749_15022025102532_WEB.xml,-,4895,0,5135926,ADR/GDR/FCCB,7614,0,12-Feb-2025,12-Feb-2025,12-Feb-2025,ESOP,-,NA,-
44,INFY,Infosys Limited,7(2),Mayank Ranjan,15-Feb-2025 10:25,1177898,,0,0,0,0,ADR/GDR/FCCB,2719,533413,Sell,-,https://nsearchives.nseindia.com/corporate/xbrl/IT_1177898_1385749_15022025102532_WEB.xml,-,7614,0,5135926,ADR/GDR/FCCB,4895,0,12-Feb-2025,12-Feb-2025,12-Feb-2025,ESOP,-,NA,-
45,INFY,Infosys Limited,7(2),Navin Chempakvilas Rammohan,15-Feb-2025 10:25,1177898,,0,0,0,0,ADR/GDR/FCCB,1443,533414,Buy,-,https://nsearchives.nseindia.com/corporate/xbrl/IT_1177898_1385749_15022025102532_WEB.xml,-,2212,0,2725687,ADR/GDR/FCCB,3655,0,12-Feb-2025,12-Feb-2025,12-Feb-2025,ESOP,-,NA,-
46,INFY,Infosys Limited,7(2),Navin Chempakvilas Rammohan,15-Feb-2025 10:25,1177898,,0,0,0,0,ADR/GDR/FCCB,723,533415,Sell,-,https://nsearchives.nseindia.com/corporate/xbrl/IT_1177898_1385749_15022025102532_WEB.xml,-,3655,0,1365677,ADR/GDR/FCCB,2932,0,12-Feb-2025,12-Feb-2025,12-Feb-2025,ESOP,-,NA,-
47,INFY,Infosys Limited,7(2),Pramod Subhaschandra Gajakosh,15-Feb-2025 10:25,1177898,,0,0,0,0,ADR/GDR/FCCB,709,533416,Buy,-,https://nsearchives.nseindia.com/corporate/xbrl/IT_1177898_1385749_15022025102532_WEB.xml,-,5294,0,1339232,ADR/GDR/FCCB,6003,0,12-Feb-2025,12-Feb-2025,12-Feb-2025,ESOP,-,NA,-
48,INFY,Infosys Limited,7(2),Pramod Subhaschandra Gajakosh,15-Feb-2025 10:25,1177898,,0,0,0,0,ADR/GDR/FCCB,168,533417,Sell,-,https://nsearchives.nseindia.com/corporate/xbrl/IT_1177898_1385749_15022025102532_WEB.xml,-,6003,0,317336,ADR/GDR/FCCB,5835,0,12-Feb-2025,12-Feb-2025,12-Feb-2025,ESOP,-,NA,-
49,INFY,Infosys Limited,7(2),Puneet Kumar Mody,15-Feb-2025 10:25,1177898,,0,0,0,0,ADR/GDR/FCCB,1637,533418,Buy,-,https://nsearchives.nseindia.com/corporate/xbrl/IT_1177898_1385749_15022025102532_WEB.xml,-,3619,0,3092132,ADR/GDR/FCCB,5256,0,12-Feb-2025,12-Feb-2025,12-Feb-2025,ESOP,-,NA,-
50,INFY,Infosys Limited,7(2),Puneet Kumar Mody,15-Feb-2025 10:25,1177898,,0,0,0,0,ADR/GDR/FCCB,462,533419,Sell,-,https://nsearchives.nseindia.com/corporate/xbrl/IT_1177898_1385749_15022025102532_WEB.xml,-,5256,0,872673,ADR/GDR/FCCB,4794,0,12-Feb-2025,12-Feb-2025,12-Feb-2025,ESOP,-,NA,-
51,INFY,Infosys Limited,7(2),Raja Madhusudan Shah,15-Feb-2025 10:25,1177898,,0,0,0,0,ADR/GDR/FCCB,4292,533420,Buy,-,https://nsearchives.nseindia.com/corporate/xbrl/IT_1177898_1385749_15022025102532_WEB.xml,-,35626,0,8107170,ADR/GDR/FCCB,39918,0,12-Feb-2025,12-Feb-2025,12-Feb-2025,ESOP,-,NA,-
52,INFY,Infosys Limited,7(2),Raja Madhusudan Shah,15-Feb-2025 10:25,1177898,,0,0,0,0,ADR/GDR/FCCB,21,533421,Sell,-,https://nsearchives.nseindia.com/corporate/xbrl/IT_1177898_1385749_15022025102532_WEB.xml,-,39918,0,39667,ADR/GDR/FCCB,39897,0,12-Feb-2025,12-Feb-2025,12-Feb-2025,ESOP,-,NA,-
53,INFY,Infosys Limited,7(2),Rishi Raj Paul,15-Feb-2025 10:25,1177898,,0,0,0,0,ADR/GDR/FCCB,1551,533422,Buy,-,https://nsearchives.nseindia.com/corporate/xbrl/IT_1177898_1385749_15022025102532_WEB.xml,-,1500,0,2929688,ADR/GDR/FCCB,3051,0,12-Feb-2025,12-Feb-2025,12-Feb-2025,ESOP,-,NA,-
54,INFY,Infosys Limited,7(2),Rishi Raj Paul,15-Feb-2025 10:25,1177898,,0,0,0,0,ADR/GDR/FCCB,536,533423,Sell,-,https://nsearchives.nseindia.com/corporate/xbrl/IT_1177898_1385749_15022025102532_WEB.xml,-,3051,0,1012452,ADR/GDR/FCCB,2515,0,12-Feb-2025,12-Feb-2025,12-Feb-2025,ESOP,-,NA,-
55,INFY,Infosys Limited,7(2),Ruchir Budhwar,15-Feb-2025 10:25,1177898,,0,0,0,0,ADR/GDR/FCCB,5812,533424,Buy,-,https://nsearchives.nseindia.com/corporate/xbrl/IT_1177898_1385749_15022025102532_WEB.xml,-,16205,0,10978302,ADR/GDR/FCCB,22017,0,12-Feb-2025,12-Feb-2025,12-Feb-2025,ESOP,-,NA,-
56,INFY,Infosys Limited,7(2),Ruchir Budhwar,15-Feb-2025 10:25,1177898,,0,0,0,0,ADR/GDR/FCCB,5812,533425,Sell,-,https://nsearchives.nseindia.com/corporate/xbrl/IT_1177898_1385749_15022025102532_WEB.xml,-,22017,0,10978302,ADR/GDR/FCCB,16205,0,12-Feb-2025,12-Feb-2025,12-Feb-2025,ESOP,-,NA,-
57,INFY,Infosys Limited,7(2),Satish Nair,15-Feb-2025 10:25,1177898,,0,0,0,0,ADR/GDR/FCCB,3140,533426,Buy,-,https://nsearchives.nseindia.com/corporate/xbrl/IT_1177898_1385749_15022025102532_WEB.xml,-,Nil,0,5931154,ADR/GDR/FCCB,3140,0,12-Feb-2025,12-Feb-2025,12-Feb-2025,ESOP,-,NA,-
58,INFY,Infosys Limited,7(2),Satish Nair,15-Feb-2025 10:25,1177898,,0,0,0,0,ADR/GDR/FCCB,975,533427,Sell,-,https://nsearchives.nseindia.com/corporate/xbrl/IT_1177898_1385749_15022025102532_WEB.xml,-,3140,0,1841680,ADR/GDR/FCCB,2165,0,12-Feb-2025,12-Feb-2025,12-Feb-2025,ESOP,-,NA,-
59,INFY,Infosys Limited,7(2),Satya Prakash Singh,15-Feb-2025 10:25,1177898,,0,0,0,0,ADR/GDR/FCCB,2565,533428,Buy,-,https://nsearchives.nseindia.com/corporate/xbrl/IT_1177898_1385749_15022025102532_WEB.xml,-,3394,0,4845035,ADR/GDR/FCCB,5959,0,12-Feb-2025,12-Feb-2025,12-Feb-2025,ESOP,-,NA,-
60,INFY,Infosys Limited,7(2),Satya Prakash Singh,15-Feb-2025 10:25,1177898,,0,0,0,0,ADR/GDR/FCCB,608,533429,Sell,-,https://nsearchives.nseindia.com/corporate/xbrl/IT_1177898_1385749_15022025102532_WEB.xml,-,5959,0,1148452,ADR/GDR/FCCB,5351,0,12-Feb-2025,12-Feb-2025,12-Feb-2025,ESOP,-,NA,-
61,INFY,Infosys Limited,7(2),Sourav S Banerjee,15-Feb-2025 10:25,1177898,,0,0,0,0,ADR/GDR/FCCB,3913,533431,Sell,-,https://nsearchives.nseindia.com/corporate/xbrl/IT_1177898_1385749_15022025102532_WEB.xml,-,41845,0,7391276,ADR/GDR/FCCB,37932,0,12-Feb-2025,12-Feb-2025,12-Feb-2025,ESOP,-,NA,-
62,INFY,Infosys Limited,7(2),Sriram Sundararajan,15-Feb-2025 10:25,1177898,,0,0,0,0,ADR/GDR/FCCB,1534,533432,Buy,-,https://nsearchives.nseindia.com/corporate/xbrl/IT_1177898_1385749_15022025102532_WEB.xml,-,5609,0,2897577,ADR/GDR/FCCB,7143,0,12-Feb-2025,12-Feb-2025,12-Feb-2025,ESOP,-,NA,-
63,INFY,Infosys Limited,7(2),Sriram Sundararajan,15-Feb-2025 10:25,1177898,,0,0,0,0,ADR/GDR/FCCB,364,533433,Sell,-,https://nsearchives.nseindia.com/corporate/xbrl/IT_1177898_1385749_15022025102532_WEB.xml,-,7143,0,687561,ADR/GDR/FCCB,6779,0,12-Feb-2025,12-Feb-2025,12-Feb-2025,ESOP,-,NA,-
64,INFY,Infosys Limited,7(2),Subhro Mallik,15-Feb-2025 10:25,1177898,,0,0,0,0,ADR/GDR/FCCB,3830,533434,Buy,-,https://nsearchives.nseindia.com/corporate/xbrl/IT_1177898_1385749_15022025102532_WEB.xml,-,46218,0,7234497,ADR/GDR/FCCB,50048,0,12-Feb-2025,12-Feb-2025,12-Feb-2025,ESOP,-,NA,-
65,INFY,Infosys Limited,7(2),Subhro Mallik,15-Feb-2025 10:25,1177898,,0,0,0,0,ADR/GDR/FCCB,3830,533435,Sell,-,https://nsearchives.nseindia.com/corporate/xbrl/IT_1177898_1385749_15022025102532_WEB.xml,-,50048,0,7234497,ADR/GDR/FCCB,46218,0,12-Feb-2025,12-Feb-2025,12-Feb-2025,ESOP,-,NA,-
66,INFY,Infosys Limited,7(2),Sunil Senan,15-Feb-2025 10:25,1177898,,0,0,0,0,ADR/GDR/FCCB,3365,533436,Buy,-,https://nsearchives.nseindia.com/corporate/xbrl/IT_1177898_1385749_15022025102532_WEB.xml,-,11782,0,6356158,ADR/GDR/FCCB,15147,0,12-Feb-2025,12-Feb-2025,12-Feb-2025,ESOP,-,NA,-
67,INFY,Infosys Limited,7(2),Sunil Senan,15-Feb-2025 10:25,1177898,,0,0,0,0,ADR/GDR/FCCB,797,533437,Sell,-,https://nsearchives.nseindia.com/corporate/xbrl/IT_1177898_1385749_15022025102532_WEB.xml,-,15147,0,1505455,ADR/GDR/FCCB,14350,0,12-Feb-2025,12-Feb-2025,12-Feb-2025,ESOP,-,NA,-
68,INFY,Infosys Limited,7(2),Suresh Ramasubbu,15-Feb-2025 10:25,1177898,,0,0,0,0,ADR/GDR/FCCB,600,533439,Sell,-,https://nsearchives.nseindia.com/corporate/xbrl/IT_1177898_1385749_15022025102532_WEB.xml,-,2302,0,1133342,ADR/GDR/FCCB,1702,0,12-Feb-2025,12-Feb-2025,12-Feb-2025,ESOP,-,NA,-
69,INFY,Infosys Limited,7(2),Surya Duvvuri,15-Feb-2025 10:25,1177898,,0,0,0,0,ADR/GDR/FCCB,1569,533440,Buy,-,https://nsearchives.nseindia.com/corporate/xbrl/IT_1177898_1385749_15022025102532_WEB.xml,-,4189,0,2963688,ADR/GDR/FCCB,5758,0,12-Feb-2025,12-Feb-2025,12-Feb-2025,ESOP,-,NA,-
70,INFY,Infosys Limited,7(2),Surya Duvvuri,15-Feb-2025 10:25,1177898,,0,0,0,0,ADR/GDR/FCCB,542,533441,Sell,-,https://nsearchives.nseindia.com/corporate/xbrl/IT_1177898_1385749_15022025102532_WEB.xml,-,5758,0,1023785,ADR/GDR/FCCB,5216,0,12-Feb-2025,12-Feb-2025,12-Feb-2025,ESOP,-,NA,-
71,INFY,Infosys Limited,7(2),Swadish Kulhalli,15-Feb-2025 10:25,1177898,,0,0,0,0,ADR/GDR/FCCB,749,533442,Buy,-,https://nsearchives.nseindia.com/corporate/xbrl/IT_1177898_1385749_15022025102532_WEB.xml,-,Nil,0,1414788,ADR/GDR/FCCB,749,0,12-Feb-2025,12-Feb-2025,12-Feb-2025,ESOP,-,NA,-
72,INFY,Infosys Limited,7(2),Swadish Kulhalli,15-Feb-2025 10:25,1177898,,0,0,0,0,ADR/GDR/FCCB,335,533443,Sell,-,https://nsearchives.nseindia.com/corporate/xbrl/IT_1177898_1385749_15022025102532_WEB.xml,-,749,0,632782,ADR/GDR/FCCB,414,0,12-Feb-2025,12-Feb-2025,12-Feb-2025,ESOP,-,NA,-
73,INFY,Infosys Limited,7(2),Suresh Ramasubbu,15-Feb-2025 10:25,1177898,,0,0,0,0,ADR/GDR/FCCB,1197,533438,Buy,-,https://nsearchives.nseindia.com/corporate/xbrl/IT_1177898_1385749_15022025102532_WEB.xml,-,1105,0,2261017,ADR/GDR/FCCB,2302,0,12-Feb-2025,12-Feb-2025,12-Feb-2025,ESOP,-,NA,-
74,INFY,Infosys Limited,7(2),Umashankar Lakshmipathy,15-Feb-2025 10:25,1177898,,0,0,0,0,ADR/GDR/FCCB,5805,533444,Buy,-,https://nsearchives.nseindia.com/corporate/xbrl/IT_1177898_1385749_15022025102532_WEB.xml,-,663,0,10965080,ADR/GDR/FCCB,6468,0,12-Feb-2025,12-Feb-2025,12-Feb-2025,ESOP,-,NA,-
75,INFY,Infosys Limited,7(2),Umashankar Lakshmipathy,15-Feb-2025 10:25,1177898,,0,0,0,0,ADR/GDR/FCCB,2903,533445,Sell,-,https://nsearchives.nseindia.com/corporate/xbrl/IT_1177898_1385749_15022025102532_WEB.xml,-,6468,0,5483485,ADR/GDR/FCCB,3565,0,12-Feb-2025,12-Feb-2025,12-Feb-2025,ESOP,-,NA,-
76,INFY,Infosys Limited,7(2),Upendra Kohli,15-Feb-2025 10:25,1177898,,0,0,0,0,ADR/GDR/FCCB,5477,533446,Buy,-,https://nsearchives.nseindia.com/corporate/xbrl/IT_1177898_1385749_15022025102532_WEB.xml,-,18651,0,10345520,ADR/GDR/FCCB,24128,0,12-Feb-2025,12-Feb-2025,12-Feb-2025,ESOP,-,NA,-
77,INFY,Infosys Limited,7(2),Upendra Kohli,15-Feb-2025 10:25,1177898,,0,0,0,0,ADR/GDR/FCCB,5477,533447,Sell,-,https://nsearchives.nseindia.com/corporate/xbrl/IT_1177898_1385749_15022025102532_WEB.xml,-,24128,0,10345520,ADR/GDR/FCCB,18651,0,12-Feb-2025,12-Feb-2025,12-Feb-2025,ESOP,-,NA,-
78,INFY,Infosys Limited,7(2),Vadiraj Shesharaj Guttal,15-Feb-2025 10:25,1177898,,0,0,0,0,ADR/GDR/FCCB,1262,533448,Buy,-,https://nsearchives.nseindia.com/corporate/xbrl/IT_1177898_1385749_15022025102532_WEB.xml,-,1142,0,2383795,ADR/GDR/FCCB,2404,0,12-Feb-2025,12-Feb-2025,12-Feb-2025,ESOP,-,NA,-
79,INFY,Infosys Limited,7(2),Vadiraj Shesharaj Guttal,15-Feb-2025 10:25,1177898,,0,0,0,0,ADR/GDR/FCCB,326,533449,Sell,-,https://nsearchives.nseindia.com/corporate/xbrl/IT_1177898_1385749_15022025102532_WEB.xml,-,2404,0,615782,ADR/GDR/FCCB,2078,0,12-Feb-2025,12-Feb-2025,12-Feb-2025,ESOP,-,NA,-
80,INFY,Infosys Limited,7(2),Abhijit Chattopadhyay,15-Feb-2025 10:25,1177898,,0,0,0,0,ADR/GDR/FCCB,1292,533450,Buy,-,https://nsearchives.nseindia.com/corporate/xbrl/IT_1177898_1385749_15022025102532_WEB.xml,-,11180,0,2440462,ADR/GDR/FCCB,12472,0,12-Feb-2025,12-Feb-2025,12-Feb-2025,ESOP,-,NA,-
81,INFY,Infosys Limited,7(2),Ambeshwar Nath,15-Feb-2025 10:25,1177898,,0,0,0,0,ADR/GDR/FCCB,1445,533451,Sell,-,https://nsearchives.nseindia.com/corporate/xbrl/IT_1177898_1385749_15022025102532_WEB.xml,-,26420,0,2729464,ADR/GDR/FCCB,24975,0,12-Feb-2025,12-Feb-2025,12-Feb-2025,ESOP,-,NA,-
82,INFY,Infosys Limited,7(2),Anand Santhanam,15-Feb-2025 10:25,1177898,,0,0,0,0,ADR/GDR/FCCB,1473,533452,Buy,-,https://nsearchives.nseindia.com/corporate/xbrl/IT_1177898_1385749_15022025102532_WEB.xml,-,6226,0,2782354,ADR/GDR/FCCB,7699,0,12-Feb-2025,12-Feb-2025,12-Feb-2025,ESOP,-,NA,-
83,INFY,Infosys Limited,7(2),Anand Santhanam,15-Feb-2025 10:25,1177898,,0,0,0,0,ADR/GDR/FCCB,737,533453,Sell,-,https://nsearchives.nseindia.com/corporate/xbrl/IT_1177898_1385749_15022025102532_WEB.xml,-,7699,0,1392121,ADR/GDR/FCCB,6962,0,12-Feb-2025,12-Feb-2025,12-Feb-2025,ESOP,-,NA,-
84,INFY,Infosys Limited,7(2),Anant Raghavendra Adya,15-Feb-2025 10:25,1177898,,0,0,0,0,ADR/GDR/FCCB,6123,533454,Buy,-,https://nsearchives.nseindia.com/corporate/xbrl/IT_1177898_1385749_15022025102532_WEB.xml,-,51878,0,11565751,ADR/GDR/FCCB,58001,0,12-Feb-2025,12-Feb-2025,12-Feb-2025,ESOP,-,NA,-
85,INFY,Infosys Limited,7(2),Abhijit Chattopadhyay,15-Feb-2025 10:25,1177898,,0,0,0,0,ADR/GDR/FCCB,1292,533455,Sell,-,https://nsearchives.nseindia.com/corporate/xbrl/IT_1177898_1385749_15022025102532_WEB.xml,-,12472,0,2440462,ADR/GDR/FCCB,11180,0,12-Feb-2025,12-Feb-2025,12-Feb-2025,ESOP,-,NA,-
86,INFY,Infosys Limited,7(2),Abhijit Sarkar,15-Feb-2025 10:25,1177898,,0,0,0,0,ADR/GDR/FCCB,1405,533456,Buy,-,https://nsearchives.nseindia.com/corporate/xbrl/IT_1177898_1385749_15022025102532_WEB.xml,-,3290,0,2653908,ADR/GDR/FCCB,4695,0,12-Feb-2025,12-Feb-2025,12-Feb-2025,ESOP,-,NA,-
87,INFY,Infosys Limited,7(2),Abhijit Sarkar,15-Feb-2025 10:25,1177898,,0,0,0,0,ADR/GDR/FCCB,1405,533457,Sell,-,https://nsearchives.nseindia.com/corporate/xbrl/IT_1177898_1385749_15022025102532_WEB.xml,-,4695,0,2653908,ADR/GDR/FCCB,3290,0,12-Feb-2025,12-Feb-2025,12-Feb-2025,ESOP,-,NA,-
88,INFY,Infosys Limited,7(2),Ambeshwar Nath,15-Feb-2025 10:25,1177898,,0,0,0,0,ADR/GDR/FCCB,4090,533458,Buy,-,https://nsearchives.nseindia.com/corporate/xbrl/IT_1177898_1385749_15022025102532_WEB.xml,-,22330,0,7725612,ADR/GDR/FCCB,26420,0,12-Feb-2025,12-Feb-2025,12-Feb-2025,ESOP,-,NA,-
89,INFY,Infosys Limited,7(2),Anant Raghavendra Adya,15-Feb-2025 10:25,1177898,,0,0,0,0,ADR/GDR/FCCB,1015,533459,Sell,-,https://nsearchives.nseindia.com/corporate/xbrl/IT_1177898_1385749_15022025102532_WEB.xml,-,58001,0,1917236,ADR/GDR/FCCB,56986,0,12-Feb-2025,12-Feb-2025,12-Feb-2025,ESOP,-,NA,-
90,INFY,Infosys Limited,7(2),Andrew Duncan,15-Feb-2025 10:25,1177898,,0,0,0,0,ADR/GDR/FCCB,6100,533460,Buy,-,https://nsearchives.nseindia.com/corporate/xbrl/IT_1177898_1385749_15022025102532_WEB.xml,-,866,0,11522306,ADR/GDR/FCCB,6966,0,12-Feb-2025,12-Feb-2025,12-Feb-2025,ESOP,-,NA,-
91,INFY,Infosys Limited,7(2),Andrew Duncan,15-Feb-2025 10:25,1177898,,0,0,0,0,ADR/GDR/FCCB,6100,533381,Sell,-,https://nsearchives.nseindia.com/corporate/xbrl/IT_1177898_1385749_15022025102532_WEB.xml,-,6966,0,11522306,ADR/GDR/FCCB,866,0,12-Feb-2025,12-Feb-2025,12-Feb-2025,ESOP,-,NA,-
92,INFY,Infosys Limited,7(2),Andrew Groth,15-Feb-2025 10:25,1177898,,0,0,0,0,ADR/GDR/FCCB,4809,533382,Buy,-,https://nsearchives.nseindia.com/corporate/xbrl/IT_1177898_1385749_15022025102532_WEB.xml,-,Nil,0,9083733,ADR/GDR/FCCB,4809,0,12-Feb-2025,12-Feb-2025,12-Feb-2025,ESOP,-,NA,-
93,INFY,Infosys Limited,7(2),Andrew Groth,15-Feb-2025 10:25,1177898,,0,0,0,0,ADR/GDR/FCCB,4809,533383,Sell,-,https://nsearchives.nseindia.com/corporate/xbrl/IT_1177898_1385749_15022025102532_WEB.xml,-,4809,0,9083733,ADR/GDR/FCCB,Nil,0,12-Feb-2025,12-Feb-2025,12-Feb-2025,ESOP,-,NA,-
94,INFY,Infosys Limited,7(2),Ankush Srivastava,15-Feb-2025 10:25,1177898,,0,0,0,0,ADR/GDR/FCCB,1366,533384,Buy,-,https://nsearchives.nseindia.com/corporate/xbrl/IT_1177898_1385749_15022025102532_WEB.xml,-,4138,0,2580241,ADR/GDR/FCCB,5504,0,12-Feb-2025,12-Feb-2025,12-Feb-2025,ESOP,-,NA,-
95,INFY,Infosys Limited,7(2),Ankush Srivastava,15-Feb-2025 10:25,1177898,,0,0,0,0,ADR/GDR/FCCB,425,533385,Sell,-,https://nsearchives.nseindia.com/corporate/xbrl/IT_1177898_1385749_15022025102532_WEB.xml,-,5504,0,802784,ADR/GDR/FCCB,5079,0,12-Feb-2025,12-Feb-2025,12-Feb-2025,ESOP,-,NA,-
96,INFY,Infosys Limited,7(2),Ashiss Kumar Dash,15-Feb-2025 10:25,1177898,,0,0,0,0,ADR/GDR/FCCB,9737,533386,Buy,-,https://nsearchives.nseindia.com/corporate/xbrl/IT_1177898_1385749_15022025102532_WEB.xml,-,89157,0,18392245,ADR/GDR/FCCB,98894,0,12-Feb-2025,12-Feb-2025,12-Feb-2025,ESOP,-,NA,-
97,INFY,Infosys Limited,7(2),Ashiss Kumar Dash,15-Feb-2025 10:25,1177898,,0,0,0,0,ADR/GDR/FCCB,3354,533387,Sell,-,https://nsearchives.nseindia.com/corporate/xbrl/IT_1177898_1385749_15022025102532_WEB.xml,-,98894,0,6335380,ADR/GDR/FCCB,95540,0,12-Feb-2025,12-Feb-2025,12-Feb-2025,ESOP,-,NA,-
98,INFY,Infosys Limited,7(2),David Wilson,15-Feb-2025 10:25,1177898,,0,0,0,0,ADR/GDR/FCCB,4720,533388,Buy,-,https://nsearchives.nseindia.com/corporate/xbrl/IT_1177898_1385749_15022025102532_WEB.xml,-,Nil,0,8915621,ADR/GDR/FCCB,4720,0,12-Feb-2025,12-Feb-2025,12-Feb-2025,ESOP,-,NA,-
99,INFY,Infosys Limited,7(2),David Wilson,15-Feb-2025 10:25,1177898,,0,0,0,0,ADR/GDR/FCCB,1455,533389,Sell,-,https://nsearchives.nseindia.com/corporate/xbrl/IT_1177898_1385749_15022025102532_WEB.xml,-,4720,0,2748353,ADR/GDR/FCCB,3265,0,12-Feb-2025,12-Feb-2025,12-Feb-2025,ESOP,-,NA,-
100,INFY,Infosys Limited,7(2),Dennis Kantilal Gada,15-Feb-2025 10:25,1177898,,0,0,0,0,ADR/GDR/FCCB,6837,533390,Buy,-,https://nsearchives.nseindia.com/corporate/xbrl/IT_1177898_1385749_15022025102532_WEB.xml,-,49849,0,12914428,ADR/GDR/FCCB,56686,0,12-Feb-2025,12-Feb-2025,12-Feb-2025,ESOP,-,NA,-
